"","goodsname","goodsprice"
"1","활황)요구르트코코240ML","1400"
"2","정관장)홍삼원골드100ML(파우치)","1500"
"3","정관장)홍삼원D100ML","1000"
"4","광동)헛개파워100ML","4500"
"5","정식품)베지밀검은콩190ML","900"
"6","정식품)한끼두유팩190ML","900"
"7","정식품)검은참깨두유팩190ML","900"
"8","팜트리)궁중발효홍삼세트(10입)","22000"
"9","CJ)한뿌리마","2500"
"10","CJ)홍삼한뿌리","5000"
"11","CJ)인삼한뿌리","4000"
"12","웅진)장쾌삼발효홍삼력세트[D2]","39000"
"13","허닭)닭가슴살육포(매운맛)40G","4700"
"14","허닭)닭가슴살육포(바베큐)40G","4700"
"15","건포도30G","1000"
"16","바나나칩20G","1000"
"17","볶음땅콩35G","1000"
"18","브라질넛25G","1000"
"19","샐러드토핑30G","1000"
"20","세부건망고(40G)","2500"
"21","냉동딸기300G","3500"
"22","냉동블루베리300G","3500"
"23","냉동애플망고300G","3500"
"24","돌)건파인애플(80G/봉)","3500"
"25","돌)건망고(80G/봉)","4500"
"26","돌)망고컵198G","2400"
"27","돌)복숭아컵198G","2400"
"28","돌)파인애플컵198G","2400"
"29","아카시아스틱꿀15G","1000"
"30","야생화스틱꿀15G","1000"
"31","순수고구마(130G/진공포장)","2900"
"32","용두동)할매쭈꾸미150G(냉장)","5900"
"33","오늘참치못회120G(냉동)","7900"
"34","밥도둑)양념게장200G(냉장)","5900"
"35","맛진미채90G(냉장)","5900"
"36","자숙재첩회(냉장)","4000"
"37","물메기채45G(냉장)","3800"
"38","복어꼬리포30G(냉장)","3800"
"39","아귀채45G(냉장)","3800"
"40","대구노가리30G","3500"
"41","도톰한오징어25G","3500"
"42","서울)귀리우유190ML","1200"
"43","서울)흑임자우유190ML","1200"
"44","서울)강릉커피라떼250ML","2300"
"45","서울)강릉커피블랙250ML","2300"
"46","파워에이드)메가볼츠600ML","2000"
"47","파워에이드)퍼플스톰600ML","2000"
"48","코카)토레타240ML","1200"
"49","심쿡)감바스170G","6900"
"50","심쿡)동파육200G","6900"
"51","심쿡)불난마늘족발180G","6900"
"52","심플리쿡)해물누룽지탕200G","6900"
"53","명란크림파스타253G","3500"
"54","알리오올리오192.5G","3500"
"55","이가자연면)우육탕면","3200"
"56","글로브)구운캐슈넛30G","1500"
"57","글로브)바삭은행20G","1500"
"58","글라소)에너지500ML","2000"
"59","글라소)파워씨500ML","2000"
"60","코카)토레타500ML","1800"
"61","조지아)고티카빈티지라떼270ML","2200"
"62","조지아)고티카빈티지블랙270ML","2200"
"63","코카)흑당밀크티270ML","2200"
"64","미닛메이드)오렌지350ML","1950"
"65","코카)환타파인PET600ML","1900"
"66","심쿡)시원동태탕(냉동)","4800"
"67","심쿡)얼큰해물탕(냉동)","5800"
"68","심쿡)탱글알탕(냉동)","5500"
"69","심쿡)왕새우소금구이(냉동)","4900"
"70","유어스)보솜이물티슈20매","2000"
"71","갸스비)매트&하드스프레이200ML","8500"
"72","갸스비)셋앤킵스프레이263ML","8500"
"73","비페스타)클렌징티슈10매","3800"
"74","가그린)오리지널100ML","1900"
"75","가그린)제로100ML","1900"
"76","아리아)패션쿨마스크","4800"
"77","존슨즈베이비오일125ML","6000"
"78","존슨즈화이트후레쉬로션100ML","6000"
"79","리스테린)쿨민트마일드100ML","2100"
"80","니베아)데오드란트60ML(드라이)","7500"
"81","포인트)립앤아이리무버140ML","10900"
"82","뉴케라시스데미지샴푸250ML","5500"
"83","페리오휴대용치약칫솔세트","3500"
"84","유어스)비비안팬티스타킹(살구)","3500"
"85","유어스)비비안팬티스타킹(살구)L","3500"
"86","페넬로페)1+1팬티스타킹(검정)","4200"
"87","페넬로페)1+1팬티스타킹(살구)","4200"
"88","페넬로페)1+1팬티스타킹(커피)","4200"
"89","네츄럴코어)미트스틱(강아지)","1000"
"90","네츄럴코어)미트스틱(고양이)","1000"
"91","사조)애견캔(치킨과참치)90G","1600"
"92","사조)애묘캔(흰살참치와연어)160","1400"
"93","동원)뉴트리플랜흰살참치와멸치","1500"
"94","동원)뉴트리플랜흰살참치와치즈","1500"
"95","동원)애묘캔-흰살참치와닭가슴살","1500"
"96","동원)애묘파우치(참치와연어)80G","1500"
"97","유어스)동물농장애묘습식(멸치)","1500"
"98","유어스)동물농장애묘습식(참치)","1500"
"99","라엘)유기농순면롱라이너18P","5000"
"100","라엘)유기농순면커버대형12P","8500"
"101","라엘)유기농순면커버중형14P","8500"
"102","ZK)여성풋커버1+1(검정)","3900"
"103","ZK)여성풋커버1+1(살구)","3900"
"104","애경)NEW스파크1KG","4200"
"105","LG)C타입유니버셜충전케이블","6900"
"106","LG)급속싱글USB충전세트(C타입)","16500"
"107","동서)오레오씬즈라즈베리1700","1700"
"108","오레오)씬즈바닐라무스1700","1700"
"109","동서)리츠크래커1500","1500"
"110","오레오초코크림1500","1500"
"111","오레오화이트크림1500","1500"
"112","오레오)웨하스스틱초코2500","2500"
"113","롯데)에어베이크드팝칩50G","2000"
"114","롯데)에어베이크드포테이토70G","2000"
"115","롯데)꼬깔콘(매콤달콤)1500","1500"
"116","롯데)꼬깔콘고소한맛1500","1500"
"117","롯데)꼬깔콘군옥수수1500","1500"
"118","롯데)꼬깔콘멘보샤맛72G","1500"
"119","롯데)꼬깔콘치먹스파이시맛72G","1500"
"120","롯데)도리토스(갈비천왕)1500","1500"
"121","롯데)도리토스(나쵸치즈맛)1500","1500"
"122","유어스)출출세포깡간장마요1500","1500"
"123","유어스)출출세포깡매콤달콤1500","1500"
"124","롯데)몽쉘(딸기맛)3000","3000"
"125","롯데)몽쉘카카오3000","3000"
"126","롯데)몽쉘크림3000","3000"
"127","롯데)초단백질바1200","1200"
"128","롯데)초에너지바1200","1200"
"129","롯데)빠다스틱85G","2000"
"130","롯데)야채스틱85G","2000"
"131","롯데)칸쵸컵2000","2000"
"132","롯데)샌드오리지널1500","1500"
"133","롯데)제크찐치즈칩54G","1500"
"134","HK)컨디션CEO150ML","10000"
"135","롯데)몬스터마가렛트애플잼40G","1200"
"136","롯데)몬스터마가렛트티라미수40G","1200"
"137","롯데)카스타드3000","3000"
"138","롯데)칙촉(티라미수)2400","2400"
"139","롯데)칙촉2400","2400"
"140","허쉬)초콜릿칩베리쿠키1500","1500"
"141","허쉬)초콜릿칩쿠키1500","1500"
"142","삼양)사또밥1300","1300"
"143","삼양)짱구1300","1300"
"144","프링글스매운맛(소)1700","1700"
"145","프링글스양파53G(소)","1700"
"146","프링글스오리지날53G(소)","1700"
"147","프링글스클래식(소)","1700"
"148","프링글스매콤한맛(대)","3500"
"149","프링글스양파맛(대)","3500"
"150","프링글스오리지날(대)","3500"
"151","프링글스치즈맛(대)","3500"
"152","프링글스클래식(대)","3500"
"153","라고)바닐라웨하스3000","3000"
"154","라고)카카오웨하스3000","3000"
"155","위스트)슈퍼링치즈1200","1200"
"156","콜리안)초콜릿와플1500","1500"
"157","크라운)죠리퐁마시멜로900","900"
"158","크라운)못말리는신짱1500","1500"
"159","크라운)츄러스허니시나몬맛1500","1500"
"160","크라운)카라멜&땅콩1200","1200"
"161","크라운)카라멜콘메이플1500","1500"
"162","크라운)초코하임3300","3300"
"163","크라운)화이트하임3300","3300"
"164","누텔라&GO2200","2200"
"165","해태)오예스(쿠키&크림)6000","6000"
"166","해태)오예스6000","6000"
"167","해태)사브레84G","1500"
"168","해태)에이스1500","1500"
"169","해태)아이비1000","1000"
"170","해태)오예스1000","1000"
"171","해태)맛동산2000","2000"
"172","롯데)키세스밀크2000","2000"
"173","롯데)키세스아몬드2000","2000"
"174","롯데)키세스쿠키앤크림2000","2000"
"175","허쉬)골드초콜릿1500","1500"
"176","허쉬)밀크초콜릿1500","1500"
"177","허쉬)아몬드초콜릿1500","1500"
"178","허쉬)쿠키앤초코초콜릿1500","1500"
"179","허쉬)쿠키앤크림초콜릿1500","1500"
"180","롯데)ABC초코2000","2000"
"181","롯데)크런키카쿠볼1500","1500"
"182","롯데)가나초코바아몬드1000","1000"
"183","롯데)크런키더블크런치1000","1000"
"184","롯데)크런키초콜릿1000","1000"
"185","롯데)아이스브레이커스레몬3500","3500"
"186","롯데)아이스브레이커스피치3500","3500"
"187","허쉬)아이스브레이커듀오딸기","3500"
"188","허쉬)아이스브레이커듀오포도","3500"
"189","허쉬)아이스브레이커베리3500","3500"
"190","허쉬)아이스브레이커수박3500","3500"
"191","허쉬)아이스브레이커쿨민트3500","3500"
"192","오뚜기)뚝배기된장찌개285G","2800"
"193","오뚜기)뚝배기쇠고기미역국285G","2800"
"194","리얼)깔라만시500ML","5600"
"195","담터)쌍화차(원컵)","1500"
"196","담터)아몬드호두율무차원컵","1500"
"197","켈로그)첵스초코바나나","1200"
"198","켈로그)첵스초코오리지널","1200"
"199","켈로그)크런치넛에너지바1200","1200"
"200","오)오!그래놀라바(카카오)1200","1200"
"201","오리온)오!그래놀라바검은콩1200","1200"
"202","오리온)오!그래놀라바단호박1200","1200"
"203","오리온)오!그래놀라바무화과1200","1200"
"204","켈로그)첵스초코컵시리얼30G","1600"
"205","켈로그)콘푸로스트30G","1600"
"206","CJ)스팸340G","7500"
"207","CJ)스팸200G","5500"
"208","CJ)스팸120G","3500"
"209","오뚜기)백도400G","2800"
"210","오뚜기)황도400G","2800"
"211","동원)매운고추참치150G","3600"
"212","동원)야채참치150G","3600"
"213","동원)참치크래커(고소한맛)","3600"
"214","동원)참치크래커(매콤한맛)","3600"
"215","동원)라이트스탠다드아트캔135G","3300"
"216","동원)고추참치100G","2700"
"217","복음자리)딸기잼230G","3800"
"218","맥심)모카골드원컵","900"
"219","롯데)퀘이커오트밀(그레인)","2000"
"220","롯데)퀘이커오트밀(그린티)","2000"
"221","롯데)퀘이커오트밀(우리쌀)","2000"
"222","랩노쉬)그레인맛85G","3900"
"223","랩노쉬)초콜릿맛90G","3900"
"224","네슬레)핫쵸코오리지날원컵[D2]","1100"
"225","네스카페)수프리모골드20입","4900"
"226","네스카페)수프리모믹스20입[D2]","4900"
"227","이디야)비니스트미니오리지널","2700"
"228","라벨리)초코앤쿠키컵474ML","3900"
"229","해태)빠닭1500","1500"
"230","해태)빠새1500","1500"
"231","해태)초코홈런볼1500","1500"
"232","해태)홈런볼(티라미슈)1500","1500"
"233","CJ)진한참기름160ML","5600"
"234","라벨리)수박화채빙수280ML","3000"
"235","라벨리)인절미빙수280ML","3000"
"236","유어스(P)세부망고빙수280ML","3000"
"237","유어스(P)티라미수빙수280ML","3000"
"238","유어스(P)팥빙수3000","3000"
"239","CJ)백설식용유500ML","2700"
"240","서주)허쉬민트웨하스63G","1800"
"241","서주)허쉬초코웨하스63G","1800"
"242","동그린)달고나밀크파르페260ML","2900"
"243","롯데)비타C박스비타민1500","1500"
"244","강릉초당)순두부아이스크림","2500"
"245","강릉초당)초코순두부아이스크림","2500"
"246","라베스트)리치치즈케이크콘","2500"
"247","라베스트)민트초코콘","2500"
"248","라벨리)악마파르페","2500"
"249","유어스(P)크런키녹차2500","2500"
"250","유어스(P)크런키초코2500","2500"
"251","롯데)마카롱젤리1500","1500"
"252","농심)감자깡1500","1500"
"253","농심)고구마깡1500","1500"
"254","농심)매운새우깡1300","1300"
"255","농심)포테토칩에그토스트맛53G","1500"
"256","롯데)수박바젤리1200","1200"
"257","롯데)제주감귤비타젤리1200","1200"
"258","롯데)죠스바젤리1200","1200"
"259","롯데)청포도젤리1200","1200"
"260","롯데)크런치롱젤리1200","1200"
"261","디핀)히말라얀솔트콘150ML","2000"
"262","라베스트)벨기에초코바85ML","2000"
"263","라베스트)쿠키크림치즈바","2000"
"264","라벨리)떠먹는요거트볼175ML","2000"
"265","빙)끌레도르쿠키앤크림바90ML","2000"
"266","빙그레)끌레도르에스프레소바90","2000"
"267","유어스(P)다크초코라즈베리바","2000"
"268","해태)아이스가이피치200ML","2000"
"269","허쉬)밀크초코바","2000"
"270","허쉬)초코바","2000"
"271","허쉬)초코앤쿠키콘","2000"
"272","허쉬)쿠키앤크림바","2000"
"273","허쉬)토피넛초코바","2000"
"274","롯데)구미당기는구미1000","1000"
"275","롯데)구미당기는구미3가지맛1000","1000"
"276","롯데)구미당기는구미딸기1000","1000"
"277","디핀)히말라얀솔트바90ML","1800"
"278","라벨리)티파니에서민트초코컵140","1800"
"279","서주)카카오바90ML","1800"
"280","서주푸드)블랑에누아120ML","1800"
"281","유어스(P)생초콜릿바70ML","1800"
"282","해태)부라보소프트콘140ML","1800"
"283","디핀)애플베리바80ML","1500"
"284","디핀)팝앤샷더블소다","1500"
"285","디핀)팝앤샷더블포도","1500"
"286","웅진)아침햇살아이스바80ML","1500"
"287","웅진)초록매실아이스바75ML","1500"
"288","유어스(P)그랜드야쿠르트바80ML","1500"
"289","유어스(P)요구르트딸기바80ML","1500"
"290","CJ)비비고돼지고기김치찌개460G","6500"
"291","CJ)비비고스팸부대찌개460G","5900"
"292","CJ)비비고차돌된장찌개460G","6500"
"293","유어스)마이쮸바포도75ML","1200"
"294","유어스)새콤달콤바딸기67ML","1200"
"295","롯데)공부할때씹는껌1500","1500"
"296","롯데)운동할때씹는껌1500","1500"
"297","오리온)수제초코파이레드벨벳","2000"
"298","오리온)수제초코파이오리지널","2000"
"299","오리온)수제초코파이티라미수","2000"
"300","CJ)햇반미역국밥(컵밥)","3900"
"301","CJ)햇반사골곰탕국밥(컵밥)","3900"
"302","CJ)햇반육개장국밥(컵밥)","3900"
"303","CJ)햇반콩나물국밥(컵밥)","3900"
"304","CJ)햇반황태국밥(컵밥)","3900"
"305","롯데)후라보노1000","1000"
"306","롯데)후라보노레이디1000","1000"
"307","롯데)후라보노스트롱1000","1000"
"308","오리온)오뜨쇼콜라150G","3000"
"309","오리온)오뜨치즈150G","3000"
"310","CJ)비비고소고기무국500G","4500"
"311","CJ)비비고소고기미역국500G","4500"
"312","CJ)비비고육개장500G","4500"
"313","CJ)비비고황태해장국500G","4500"
"314","CJ)스팸김치덮밥(컵밥)","4500"
"315","CJ)햇반강된장보리비빔밥(컵밥)","4500"
"316","CJ)햇반김치날치알밥(컵밥)","4500"
"317","CJ)햇반낙지콩나물비빔밥(컵밥)","4500"
"318","CJ)햇반불고기덮밥(컵밥)","4500"
"319","CJ)햇반설렁탕밥(컵밥)","4500"
"320","CJ)햇반스팸마요덮밥(컵밥)","4500"
"321","CJ)햇반제육덮밥(컵밥)","4500"
"322","CJ)햇반치킨마요덮밥(컵밥)","4500"
"323","오리온)닥터유에너지바1200","1200"
"324","오리온)썬칩(갈릭바게트)1500","1500"
"325","오리온)썬칩1500","1500"
"326","CJ)햇반210G(8입)","11900"
"327","CJ)큰햇반300G","2500"
"328","오리온)찰초코파이(인절미)2700","2700"
"329","오리온)찰초코파이(흑임자)2700","2700"
"330","CJ)비비고토종김(참기름)20G","1800"
"331","CJ)햇반(원형)210G","1800"
"332","CJ)햇반(발아현미밥)210G","2400"
"333","CJ)햇반(오곡밥)210G","2400"
"334","CJ)햇반(찰잡곡밥)210G","2400"
"335","CJ)햇반(흑미밥)210G","2400"
"336","CJ)햇반매일잡곡밥210G","2400"
"337","대상)안주야매콤껍데기150G","6400"
"338","대상)안주야매콤제육오돌뼈150G","6400"
"339","대상)안주야통마늘모듬곱창150G","6400"
"340","폰타나)브로콜리체다수프3입[D2]","3500"
"341","폰타나)스위트콘수프(3입)[D2]","3500"
"342","대상)레드페퍼매콤고추30G","3500"
"343","대상)치즈촘촘툼바치즈30G","3500"
"344","코주부)무안양파육포40G","3400"
"345","정화)후라이드어포30G","2000"
"346","정화)오징어는땅콩을(대)51G","5300"
"347","동원)상상바삭디핑칩고소한맛","3000"
"348","동원)상상바삭디핑칩매콤한맛","3000"
"349","동원)상상버터오징어60G","5000"
"350","동원)상상육포40G(비프앤치즈)","5000"
"351","동원)상상육포40G(스테이크)","5000"
"352","동원)상상육포40G(안심)","5000"
"353","유어스)동파육200G","5900"
"354","유어스)장충동불족발180G","5900"
"355","머거본)민트초코맛아몬드25G","1400"
"356","머거본)후렌치후라이드아몬드40G","2000"
"357","오뚜기)옛날삼계탕900G","9900"
"358","오뚜기)부산식돼지국밥500G[D2]","5900"
"359","신화)오징어소면18G","2500"
"360","오뚜기)남도식한우미역국500G","5900"
"361","오뚜기)안동식쇠고기국밥500G","5900"
"362","신화)오징어스틱20G","2800"
"363","길림)군옥수수맛아몬드30G","1200"
"364","길림)허니버터아몬드30G","1200"
"365","오뚜기)사골곰탕500G","1900"
"366","샘표)질러직화풍비비큐30G","3500"
"367","오뚜기)토마토미트볼250G","5500"
"368","오뚜기)햄버그스테이크240G","5500"
"369","샘표)질러마라육포30G","4300"
"370","샘표)질러크레이지핫육포30G","4200"
"371","오뚜기)NEW쌀떡국(용기)172.2G","3500"
"372","오뚜기)김치찌개밥(컵밥)","3500"
"373","오뚜기)김치참치덮밥(컵밥)","3500"
"374","오뚜기)매콤낙지덮밥(컵밥)","3500"
"375","오뚜기)볼케이노치밥(컵밥)","3500"
"376","오뚜기)불닭마요덮밥(컵밥)","3500"
"377","오뚜기)소시지카레덮밥(컵밥)","3500"
"378","오뚜기)쇠고기미역국밥(컵밥)","3500"
"379","오뚜기)제육덮밥(컵밥)","3500"
"380","오뚜기)차돌강된장보리밥(컵밥)","3500"
"381","오뚜기)참치마요덮밥(컵밥)","3500"
"382","오뚜기)톡톡김치알밥(컵밥)","3500"
"383","오뚜기)황태콩나물해장국밥(컵밥","3500"
"384","오뚜기)구수한누룽지60G","2200"
"385","오뚜기)오곡밥210G","2200"
"386","오뚜기)작은밥150G","1400"
"387","오뚜기)오뚜기밥210G","1700"
"388","오뚜기)오뚜기큰밥300G","2300"
"389","동원)양반왕갈비탕460G","5900"
"390","동원)양반차돌된장찌개460G","5900"
"391","동원)양반전통김17G","1500"
"392","동원)양반김(들기름김)5G","600"
"393","동원)양반백합미역국460G","4500"
"394","동원)양반차돌육개장460G","4500"
"395","양반)쇠고기큰죽404G","4500"
"396","양반)야채큰죽404G","4500"
"397","양반)전복큰죽404G","4500"
"398","삼양)불닭마요소스250G","5000"
"399","삼양)불닭소스200G","5000"
"400","크라운)고단백질초코바1500","1500"
"401","유어스)보솜이물티슈60매(캡형)","5700"
"402","나뚜루)녹차미니컵","4300"
"403","나뚜루)녹차바","4300"
"404","나뚜루)딸기미니컵","4300"
"405","나뚜루)딸기바","4300"
"406","나뚜루)바닐라미니컵","4300"
"407","나뚜루)발로나다크초콜릿바90ML","4300"
"408","나뚜루)샤인머스캣소르베미니컵","4300"
"409","나뚜루)초코미니컵","4300"
"410","하겐)그린티아몬드바80ML","4800"
"411","하겐)녹차미니컵","4800"
"412","하겐)다크초코릿가나슈미니컵","4800"
"413","하겐)딸기미니컵","4800"
"414","하겐)마카다미아넛브리틀바","4800"
"415","하겐)바닐라미니컵","4800"
"416","하겐)바닐라카라멜아몬드바80ml","4800"
"417","하겐)바닐라카라멜콘91ML","4800"
"418","하겐)벨지안초코미니컵","4800"
"419","하겐)벨지안초콜릿&헤이즐넛바","4800"
"420","하겐)스트로베리앤크림바","4800"
"421","하겐)초코릿아몬드콘91ML","4800"
"422","하겐)초콜릿젤라또미니컵100ML","4800"
"423","하겐)초콜릿촉아몬드바80ML","4800"
"424","하겐)카라멜젤라또미니컵100ML","4800"
"425","하겐)쿠키앤크림바","4800"
"426","하겐)크리스피샌드(녹차)","4800"
"427","네슬레)킷캣청키1200","1200"
"428","네슬레)킷캣청키쿠키앤크림1200","1200"
"429","네슬레)킷캣청키헤이즐넛1200","1200"
"430","하겐)녹차파인트","12900"
"431","하겐)다크초코릿가나슈파인트","12900"
"432","하겐)딸기파인트","12900"
"433","하겐)마카다미아파인트","12900"
"434","하겐)바닐라카라멜브라우니파인","12900"
"435","하겐)바닐라파인트","12900"
"436","하겐)브라우니마키아또파인트473","12900"
"437","하겐)쵸코렛파인트","12900"
"438","하겐)칸탈로프멜론파인트473ML","12900"
"439","하겐)쿠키앤크림파인트","12900"
"440","하겐)피넛버터크런치파인트474ML","12900"
"441","유어스)매운간장찜닭560G","7900"
"442","유어스)매운돼지갈비찜500G","7900"
"443","농심)너구리큰사발","1600"
"444","농심)신라면블랙사발","1600"
"445","농심)앵그리짜파구리큰사발","1600"
"446","농심)신라면건면사발","1500"
"447","쏘피)내몸에순한면라이너28P","4400"
"448","농심)김치큰사발","1150"
"449","농심)새우탕큰사발","1150"
"450","유어스(P)오모리김치돼지찜450G","5900"
"451","유어스)매콤한닭볶음탕550G","5900"
"452","태경)우거지뼈해장국650G","5900"
"453","태경)불삼겹&소시지볶음200G","6900"
"454","태경)숯불돼지바비큐200G","6900"
"455","쉐푸드)까르보나라스파게티","4300"
"456","쉐푸드)볼로네이즈스파게티","4300"
"457","칠갑)매운맛해물수제비173G","2500"
"458","카카오)무지짜장떡볶이120G","2500"
"459","카카오)어피치치즈떡볶이120G","2500"
"460","대상)홍초석류900ML","9800"
"461","진마이랑)중경식마라탕면(용기)","2000"
"462","진마이랑)란저우식우육향면(건면","2700"
"463","진마이랑)사천식탄탄면(건면)","2700"
"464","홍진경)더만두김치만두","2900"
"465","홍진경)더만두매운맛","2900"
"466","홍진경)더만두매운맛(9입)","3600"
"467","홍진경)더만두순한맛","2900"
"468","유어스(P)점보핫도그100G","2200"
"469","풀무원)체다모짜핫도그80G","2000"
"470","오뚜기)진비빔면(봉지)","1000"
"471","오뚜기)진진짜라(용기)","1600"
"472","오뚜기)진짬뽕(용기)","1600"
"473","유어스(P)공화춘짬뽕육즙만두","3700"
"474","오뚜기)라면볶이(용기)","1000"
"475","오뚜기)치즈볶이","1100"
"476","오뚜기)진라면매운맛(용기)","950"
"477","오뚜기)진라면순한맛(용기)","950"
"478","오뚜기)참깨라면(소컵)","950"
"479","대상)안주야매운곱창볶음160G","7900"
"480","대상)안주야양념벌집껍데기160G","7900"
"481","삼양)간짬뽕(용기)","1350"
"482","오뚜기)브리또페페로니125G","3000"
"483","피죤)무균무때프리미엄(다용도)","6500"
"484","오뚜기)직화닭발150G","7900"
"485","오뚜기)직화오돌뼈150G","7900"
"486","오뚜기)새우볶음밥230G","3500"
"487","오뚜기)참치김치치즈볶음밥230G","3900"
"488","오뚜기)컵피자콤비네이션","3800"
"489","롯데)빅핫도그140G","2400"
"490","해태)샤오롱만두180G(6입)","2900"
"491","해태)치즈갈비교자144G","2900"
"492","CJ)비비고김치왕교자385G","4800"
"493","CJ)비비고매운왕교자315G","4800"
"494","CJ)비비고새우왕교자315G","4800"
"495","CJ)비비고왕교자420G","4800"
"496","CJ)비비고수제만두고기200G","3500"
"497","CJ)비비고수제만두김치200G","3500"
"498","동의반숙란2입","1900"
"499","제니코)스모크스트링치즈","1400"
"500","제니코)스트링치즈24G","1400"
"501","제니코)저지방스트링치즈24G","1400"
"502","본죽)능이버섯오리죽270G","3900"
"503","본죽)보양삼계죽","3800"
"504","본죽)불닭죽286G","3900"
"505","본죽)쇠고기죽","3600"
"506","본죽)전복버섯죽","3900"
"507","유어스)야쿠르트그랜드280ML","1300"
"508","유어스)야쿠르트그랜드딸기280ML","1300"
"509","유어스)야쿠르트그랜드라이트","1300"
"510","유어스)야쿠르트그랜드수박280ML","1300"
"511","와인숙성훈제삼겹&생와사비236G","7900"
"512","직화벌집돼지껍데기","6500"
"513","롯데)마늘앤뽀득프랑크140G","3400"
"514","삼립)페스츄리고구마피자","2500"
"515","삼립)페스츄리불고기피자","2500"
"516","삼립)페스츄리콤비네이션피자","2500"
"517","삼립)페스츄리핫치킨피자","2500"
"518","롯데)의성마늘후랑크70G","1800"
"519","대림)한입피자고르곤졸라80G","1900"
"520","대림)한입피자불고기80G","1900"
"521","대림)한입피자콤비네이션80G","1900"
"522","Y)마파두부250G","4500"
"523","삼립)에그마요스쿱샐러드120G","2500"
"524","삼립)참치마요스쿱샐러드120G","2500"
"525","진주)천하장사BIG70G","2000"
"526","CJ)비비고베이컨김치볶음70G","1600"
"527","CJ)비비고썰은배추김치60G","1000"
"528","CJ)쁘띠첼밀감160G","1800"
"529","CJ)쁘띠첼복숭아160G","1800"
"530","CJ)쁘띠첼포도160G","1800"
"531","Y)소세지어묵바90G","2000"
"532","Y)야채어묵볼80G","2000"
"533","Y)치즈어묵바90G","2000"
"534","삼립)그릭닭가슴살후랑크70G","1800"
"535","삼립)펭수고저스틱45G","1600"
"536","목우촌)너에게꼬치다90G","1700"
"537","한성)바다에서왔닥100G","2900"
"538","한성)크래미90G","2200"
"539","SM)쥬라기캅스(불빛팽이)8500","8500"
"540","동아)박카스맛젤리1200","1200"
"541","돌)후룻구미1500","1500"
"542","한성)배즙숙성구이맛후랑크70G","1500"
"543","CJ)모닝두부(클래식)","1700"
"544","CJ)삼호어묵얼큰오뎅한그릇360G","2700"
"545","CJ)삼호어묵오뎅한그릇360G","2700"
"546","CJ)맥스봉치즈70G","2000"
"547","CJ)맥스봉청양고추후랑크80G","2000"
"548","CJ)직화구이꼬치바90G","2000"
"549","CJ)스팸구이꼬치바80G","2500"
"550","대림)랍스터킹128G","3100"
"551","대림)한입에꼬치다(매운맛)100G","2000"
"552","대림)한입에꼬치다100G","2000"
"553","유어스)207후랑크120G","1800"
"554","유어스)207소세지120G","2000"
"555","청우)대관령우유캔디1600","1600"
"556","트롤리)사우어웜즈미니300","300"
"557","젤리벨리)20가지혼합2500","2500"
"558","타블론밀크초콜릿35G","1500"
"559","호올스)블리스터라즈베리","1000"
"560","흥선)아이스붐딸기맛1500","1500"
"561","흥선)아이스붐레몬맛1500","1500"
"562","흥선)아이스붐복숭아맛1500","1500"
"563","흥선)아이스붐자몽맛1500","1500"
"564","HAO)밀크츄딸기맛1500","1500"
"565","HAO)밀크츄옥수수맛1500","1500"
"566","해태)티피(오리지널)1200","1200"
"567","해태)티피(크리스피)1200","1200"
"568","해태)자유시간골드1000","1000"
"569","해태)자유시간아몬드1000","1000"
"570","유어스)그랜드야쿠르트젤리1300","1300"
"571","마즈)스니커즈미니500","500"
"572","마즈)트윅스미니사이즈300","300"
"573","하늘)몰트볼1500","1500"
"574","크라운)거꾸로하임초코1500","1500"
"575","크라운)거꾸로하임화이트1500","1500"
"576","크라운)비단박하캔디1200","1200"
"577","크라운)새콤달콤레몬볼1000","1000"
"578","크라운)새콤달콤비타C1000","1000"
"579","크라운)키커바1000","1000"
"580","크라운)키커바시리얼1000","1000"
"581","크라운)키커죠리퐁바1000","1000"
"582","짱구)21곡초코바","500"
"583","초코사이버)볼라볼라껌500","500"
"584","페레로)킨더초콜릿800","800"
"585","페레로)킨더초콜릿1500","1500"
"586","페레로)로쉐T-5","3400"
"587","페레로)로쉐T-3","2100"
"588","농심)후르트텔라1000","1000"
"589","네슬레)프루팁스(대)3800","3800"
"590","네슬레)프루팁스리치맛(대)3800","3800"
"591","네슬레)킷캣카라멜800","800"
"592","네슬레)킷캣쿠키크럼블800","800"
"593","네슬레)킷캣헤이즐넛800","800"
"594","광동)비타500젤리1200","1200"
"595","광동)솔표위청수골드75ML","1000"
"596","정식품)국산검은콩병두유190ML","1500"
"597","칸타타)콘트라베이스라떼PET500","2500"
"598","칸타타)콘트라베이스블랙PET500","2500"
"599","칸타타)콘트라베이스스윗PET500","2500"
"600","칸타타)땅콩크림라떼275ML","2200"
"601","칸타타)아메리카노275ML(NB캔)","2200"
"602","칸타타)콜드브루블랙275ML(NB캔)","2200"
"603","칸타타)프리미엄라떼275ML(NB캔)","2200"
"604","제주)용암수500ML","900"
"605","롯데)숙취해소깨수깡160ML","5000"
"606","롯데)레몬1000C+140ML","1000"
"607","롯데)2%부족할때자두500ML","1700"
"608","롯데)게토레이레몬600ML","2000"
"609","롯데)게토레이블루볼트600ML","2000"
"610","유어스)롯데보리차500ML","1500"
"611","유어스)롯데옥수수수염차500ML","1500"
"612","롯데)트레비라임500ML","1700"
"613","롯데)트레비레몬500ML","1700"
"614","롯데)트레비자몽500ML","1700"
"615","롯데)아이시스8.0(500ML)","950"
"616","콘트라베이스)로스팅녹차500ML","2000"
"617","콘트라베이스)로스팅보리500ML","2000"
"618","레쓰비)카페타임라떼240ML","1000"
"619","레쓰비)카페타임아메리카노240ML","1000"
"620","롯데)밀키스캔320ML","1400"
"621","롯데)칠성사이다복숭아500ML","2000"
"622","롯데)칠성사이다청귤500ML","2000"
"623","롯데)칠성스트롱사이다400ML","1700"
"624","롯데)펩시스트롱400ML","1700"
"625","롯데)칠성사이다캔330ML","1600"
"626","HK)헛개수1L","2500"
"627","HK)헛개수500ML","2000"
"628","HK)헛개수340ML","1500"
"629","HK)컨디션100ML","5000"
"630","HK)컨디션레이디100ML","5000"
"631","S&P)카카오랏미니브릭200ML","1200"
"632","동아)오로나민C120ML","1000"
"633","동원)보성말차라떼500ML","2500"
"634","동원)보성홍차밀크티500ML","2500"
"635","유어스(P)지리산하동녹차500ML","2000"
"636","남양)십칠차340ML","1200"
"637","남양)십칠차500ML","1500"
"638","남양)FC킬링샷라떼500ML","2500"
"639","남양)FC킬링샷아메리카노500ML","2500"
"640","바이오티)프리바이오틱스포도","1500"
"641","바이오티)프리바이오틱스피치","1500"
"642","광동)힘찬하루헛개차1L","2000"
"643","광동)우엉차500ML","1600"
"644","광동)비타500캔240ML","1200"
"645","영진)구론산바몬드오리지날150ML","1000"
"646","해태)강원평창수2.0L","1400"
"647","코카)태양의마테차500ML","1400"
"648","코카)스프라이트PET500ML","1800"
"649","OKF)알로에베라킹500ML","1900"
"650","동아)모닝케어D100ML","5000"
"651","동아)모닝케어H100ML","5000"
"652","농심)파워O2(오렌지레몬)500ML","2100"
"653","농심)백산수500ML","950"
"654","농심)백산수2L","1700"
"655","해광)달고나라떼275ML","2500"
"656","레드불)에너지드링크250ML","2200"
"657","동서)콜롬비아나블랙240ML","1200"
"658","동서)콜롬비아나아메리카노240ML","1200"
"659","동서)콜롬비아나카페라떼240ML","1200"
"660","맥심)TOP더블랙380ML","2900"
"661","맥심)TOP마스터라떼380ML","2900"
"662","맥심)TOP스위트아메리카노380ML","2900"
"663","맥심)TOP더블랙275ML","2200"
"664","맥심)TOP마스터라떼275ML","2200"
"665","맥심)TOP스위트아메리카노275ML","2200"
"666","CAFE25)블랙500ML","2500"
"667","CAFE25)헤이즐넛500ML","2500"
"668","유어스)진심가득수박330ML","1800"
"669","유어스)하늘가득사과330ML","1800"
"670","유어스)하늘가득유자레몬330ML","1800"
"671","유어스)하늘가득자몽330ML","1800"
"672","한독)레디큐120ML","5000"
"673","현대)미에로화이바210ML","1400"
"674","웅진)티즐유자그린티500ML","2000"
"675","웅진)티즐피치우롱티500ML","2000"
"676","웅진)아침햇살340ML","1500"
"677","유어스)웅진팥차500ML","1500"
"678","남양)또떠불초코&그래놀라125G","1400"
"679","남양)또떠불하트초코125G","1400"
"680","남양)맛있는우유GT딸기300ML","1500"
"681","남양)맛있는우유GT초코300ML","1500"
"682","남양)맛있는우유GT커피300ML","1500"
"683","남양)채움오렌지210ML","1900"
"684","남양)채움포도210ML","1900"
"685","남양)루카스더블샷라떼250ML","2000"
"686","남양)루카스라떼250ML","2000"
"687","남양)루카스아메리카노250ML","2000"
"688","남양)이오20S 135ML","1000"
"689","남양)FC로스터리모카리치","2000"
"690","남양)FC로스터리브라질옐로돌체","2000"
"691","남양)FC로스터리블랙글레이즈드","2000"
"692","남양)FC로스터리에스프레소라떼","2000"
"693","남양)FC로스터리카라멜리치","2000"
"694","남양)프렌치카페(벨벳비엔나모카","1500"
"695","남양)프렌치카페(카페오레)","1500"
"696","남양)프렌치카페(카푸치노)","1500"
"697","남양)프렌치카페카라멜마키아또","1500"
"698","델몬트)콜드쥬스오렌지250ML","1400"
"699","델몬트)콜드쥬스포도250ML","1400"
"700","롯데)오가닉레드비트&배&토마토","1400"
"701","롯데)오가닉사과&당근125ML","1400"
"702","맥심)TOP로스티라떼360ML","2400"
"703","맥심)TOP로스티블랙360ML","2400"
"704","맥심TOP)스위트아메리카노240ML","1800"
"705","맥심TOP)심플리스무스라떼240ML","1800"
"706","맥심TOP)심플리스무스블랙240ML","1800"
"707","맥심)TOP너티카라멜라떼300ML","2200"
"708","맥심)TOP마일드라떼300ML(컵)","2200"
"709","맥심)TOP볼드라떼300ML(컵)","2200"
"710","맥심)TOP에스프레소라떼300ML","2200"
"711","맥심)TOP트루블랙300ML(컵)","2200"
"712","푸르밀)칼로바이곡물250ML","2500"
"713","푸르밀)칼로바이초코250ML","2500"
"714","서울)아침에주스골든사과230ML","1500"
"715","서울)아침에주스석류230ML","1500"
"716","서울)아침에주스제주감귤230ML","1500"
"717","서울)아침에주스청포도230ML","1500"
"718","서울)달고나우유300ML","1500"
"719","서울)딸기우유300ML","1500"
"720","서울)바나나우유300ML","1500"
"721","서울)초코우유300ML","1500"
"722","서울)커피우유300ML","1500"
"723","서울)우유300ML","1400"
"724","빙그레)오늘의과일야채ABC190ML","1200"
"725","빙그레)오늘의과일야채사과190ML","1200"
"726","빙그레)오늘의과일야채포도190ML","1200"
"727","빙그레)통모짜스트링치즈18G","1200"
"728","빙그레)뿌려먹는모짜렐라치즈25G","1000"
"729","빙그레)쥬시쿨금귤감귤250ML","1500"
"730","빙그레)쥬시쿨에이드사과250ML","1500"
"731","빙그레)따옴한라봉청귤235ML","2000"
"732","빙그레)따옴사과주스220ML","1800"
"733","빙그레)따옴오렌지주스220ML","1800"
"734","빙)아카페라사이즈업스윗아메","2200"
"735","빙그레)아카페라사이즈업라떼","2200"
"736","빙그레)아카페라사이즈업바닐라","2200"
"737","빙그레)아카페라사이즈업아메리","2200"
"738","웅진)광명찾은결명자차500ML","1500"
"739","웅진)누룽지차500ML","1500"
"740","웅진)하늘보리PET500ML","1500"
"741","정식품)베지밀A병190ML","1300"
"742","아워티)레몬얼그레이티500(신)","2000"
"743","아워티)오렌지자몽블랙티500(신)","2000"
"744","일화)천연사이다350ML","1200"
"745","일화)맥콜500ML","1800"
"746","빙그레)아카페라마끼아또240ML","1600"
"747","빙그레)아카페라바닐라라떼240ML","1600"
"748","빙그레)아카페라아메리카노240ML","1600"
"749","빙그레)단지우유한정판240ML","1400"
"750","빙그레)바나나우유라이트240ML","1400"
"751","덴마크)요구르트딸기310ML","1900"
"752","덴마크)요구르트민트310ML","1900"
"753","덴마크)요구르트베리믹스310ML","1900"
"754","덴마크)요구르트복숭아310ML","1900"
"755","덴마크)요구르트사과310ML","1900"
"756","덴마크)요구르트자두310ML","1900"
"757","덴마크)요구르트청포도310ML","1900"
"758","덴마크)요구르트파인애플310ML","1900"
"759","덴마크)요구르트플레인310ML","1900"
"760","덴마크)얼라이브망고250ML","1500"
"761","덴마크)얼라이브블러드오렌지250","1500"
"762","덴마크)얼라이브스위티자몽250ML","1500"
"763","덴마크)인포켓치즈20G","1300"
"764","덴마크)인포켓치즈라이트20G","1300"
"765","덴마크)인포켓치즈트러플맛20G","1300"
"766","덴마크)커핑로드모카라떼300ML","2500"
"767","덴마크)커핑로드버터크림라떼300","2500"
"768","덴마크)커핑로드에스프레소라떼","2500"
"769","덴마크)커핑로드카페봉봉300ML","2500"
"770","덴마크)커핑로드흑당크림라떼300","2500"
"771","유어스)타이거슈가흑당밀크티300","2500"
"772","유어스)타이거슈가흑당카페라떼","2500"
"773","덴마크)콩카페연유라떼250ML","2000"
"774","덴마크)콩카페코코넛라떼250ML","2000"
"775","덴마크)콩카페코코넛카카오250ML","2000"
"776","매일)상하미니칼슘체다치즈48G","2000"
"777","매일)상하미니크림치즈48G","2000"
"778","유어스)위플렉스발효유140ML","1400"
"779","유어스)장플렉스발효유140ML","1400"
"780","매일)엔요280ML","1400"
"781","매일)바이오드링킹딸기250ML","1800"
"782","매일)바이오드링킹매실푸룬250ML","1800"
"783","매일)바이오드링킹블루베리250ML","1800"
"784","매일)바이오드링킹사과250ML","1800"
"785","매일)바이오드링킹플레인250ML","1800"
"786","매일)아몬드브리즈초코190ML","1200"
"787","매일)아몬드브리즈프로틴190ML","1200"
"788","매일)과일야채샐러드그린190ML","1800"
"789","매일)과일야채샐러드녹황190ML","1800"
"790","매일)과일야채샐러드레드190ML","1800"
"791","매일)과일야채샐러드퍼플190ML","1800"
"792","유어스)달고나라떼250ML","2000"
"793","매일)바리스타로슈거에스프레소","2000"
"794","매일)바리스타모카프레소250ML","2000"
"795","매일)바리스타스모키250ML","2000"
"796","매일)바리스타에스프레소라떼250","2000"
"797","매일)바리스타카라멜프레소250ML","2000"
"798","매일)바리스타디카페인라떼325ML","2500"
"799","매일)바리스타민트라임라떼325ML","2500"
"800","매일)바리스타바닐라빈라떼325ML","2500"
"801","매일)바리스타쇼콜라모카325ML","2500"
"802","매일)바리스타콜드브루블랙325ML","2500"
"803","매일)바리스타플라넬드립라떼325","2500"
"804","매일)우유속에딸기과즙우유300ML","1500"
"805","매일)우유속에코코아300ML","1500"
"806","매일)커피속에마끼야또300ML","1500"
"807","매일)커피속에모카치노300ML","1500"
"808","일화)맥콜350ML","1500"
"809","하이트)블랙보리520ML","1600"
"810","하이트)블랙보리라이트520ML","1500"
"811","카카오프렌즈)복숭아스무디190ML","2000"
"812","팜트리)궁중홍삼쌍화100ML","1500"
"813","팜트리)궁중발효홍삼100ML","2200"
"814","GS)샤인머스캣향스파클링350ML","1200"
"815","유어스(P)베이컨치즈피자107G","3300"
"816","유어스(P)볼케이노피자117G","3300"
