"","bookthumburl","booktitle"
"1","https://bookthumb-phinf.pstatic.net/cover/166/244/16624485.jpg?type=m106&udate=20200921","한번도경험해보지못한 나라"
"2","https://bookthumb-phinf.pstatic.net/cover/163/874/16387406.jpg?type=m106&udate=20200921","만남은 지겹고 이별은 지쳤다"
"3","https://bookthumb-phinf.pstatic.net/cover/163/719/16371940.jpg?type=m106&udate=20200921","돈의 속성"
"4","https://bookthumb-phinf.pstatic.net/cover/118/022/11802243.jpg?type=m106&udate=20200921","아몬드"
"5","https://bookthumb-phinf.pstatic.net/cover/159/752/15975218.jpg?type=m106&udate=20200921","주식투자 무작정 따라하기"
"6","https://bookthumb-phinf.pstatic.net/cover/166/827/16682780.jpg?type=m106&udate=20200921","나는 너를 펭랑해:펭수 엽서책"
"7","https://bookthumb-phinf.pstatic.net/cover/164/924/16492415.jpg?type=m106&udate=20200921","공부란 무엇인가"
"8","https://bookthumb-phinf.pstatic.net/cover/166/554/16655437.jpg?type=m106&udate=20200921","초격차: 리더의 질문"
"9","https://bookthumb-phinf.pstatic.net/cover/164/920/16492085.jpg?type=m106&udate=20200921","살고 싶다는 농담(양장본 HardCover)"
"10","https://bookthumb-phinf.pstatic.net/cover/165/612/16561285.jpg?type=m106&udate=20200921","CHANGE 9(체인지나인)"
